Number of Files,Time Taken(s)
100,1.295602798461914
200,2.575115203857422
300,3.8619141578674316
400,5.155437469482422
500,6.484717607498169
