Model,Corr,Rseq,RMSE,Accuracy,Topsis Score,Ranks
M1,0.79,0.62,1.25,60.89,0.6391330141342587,2
M2,0.66,0.44,2.89,63.07,0.21259182969277918,5
M3,0.56,0.31,1.57,62.87,0.4078456776130516,4
M4,0.82,0.67,2.68,70.19,0.5191532395007472,3
M5,0.75,0.56,1.3,80.39,0.8282665851935813,1
