Model,Corr,Rseq,RMSE,Accuracy,Topsis Score,Ranks
M1,0.79,0.62,1.25,60.89,0.5324140525269604,1
M2,0.66,0.44,2.89,63.07,0.49485582535052586,4
M3,0.56,0.31,1.57,62.87,0.28660960941711877,5
M4,0.82,0.67,2.68,70.19,0.5159639832798203,3
M5,0.75,0.56,1.3,80.39,0.5220334654412988,2
